<?xml version="1.0" encoding="utf-8"?>
<extension type="component" version="3.0" method="upgrade">
	<name>com_contact</name>
	<author>Joomla! Project</author>
	<creationDate>April 2006</creationDate>
	<copyright>(C) 2005 - 2012 Open Source Matters. All rights reserved.
	</copyright>
	<license>GNU General Public License version 2 or later; see
		LICENSE.txt</license>
	<authorEmail>admin@joomla.org</authorEmail>
	<authorUrl>www.joomla.org</authorUrl>
	<version>3.0.0</version>
	<description>COM_CONTACT_XML_DESCRIPTION</description>

	<install> <!-- Runs on install -->
		<sql>
			<file driver="mysql" charset="utf8">sql/install.mysql.utf8.sql</file>
		</sql>
	</install>
	<uninstall> <!-- Runs on uninstall -->
		<sql>
			<file driver="mysql" charset="utf8">sql/uninstall.mysql.utf8.sql</file>
		</sql>
	</uninstall>

	<files folder="site">
		<filename>contact.php</filename>
		<filename>controller.php</filename>
		<filename>index.html</filename>
		<filename>metadata.xml</filename>
		<filename>router.php</filename>
		<folder>helpers</folder>
		<folder>models</folder>
		<folder>views</folder>
	</files>
	<languages folder="site">
		<language tag="en-GB">language/en-GB.com_contact.ini</language>
	</languages>

	<administration>
		<menu img="class:contact">com_contact</menu>
		<submenu>
			<!--
				Note that all & must be escaped to &amp; for the file to be valid
				XML and be parsed by the installer
			-->
			<menu link="option=com_contact" img="class:contact"
				alt="Contact/Contacts">com_contact_contacts</menu>
			<menu link="option=com_categories&amp;extension=com_contact"
				view="categories" img="class:contact-cat" alt="Contacts/Categories">com_contact_categories</menu>
		</submenu>
		<files folder="admin">
			<filename>access.xml</filename>
			<filename>config.xml</filename>
			<filename>contact.php</filename>
			<filename>controller.php</filename>
			<filename>index.html</filename>
			<folder>controllers</folder>
			<folder>elements</folder>
			<folder>helpers</folder>
			<folder>models</folder>
			<folder>tables</folder>
			<folder>views</folder>
		</files>
		<languages folder="admin">
			<language tag="en-GB">language/en-GB.com_contact.ini</language>
			<language tag="en-GB">language/en-GB.com_contact.sys.ini</language>
		</languages>
	</administration>
</extension>

